start_time,timestamp,sport,total_elapsed_time,total_timer_time,total_distance,total_ascent,total_descent,total_calories,total_strides,max_running_cadence,avg_running_cadence,avg_step_length,max_heart_rate,min_heart_rate,avg_heart_rate,enhanced_max_speed,max_speed,enhanced_avg_speed,avg_speed,avg_power,avg_stance_time,avg_stance_time_balance,avg_vertical_oscillation,avg_vertical_ratio,Effort Pace,file_name,sub_sport,max_cadence,avg_cadence,max_power,total_work,normalized_power,avg_temperature
2024-04-24 16:51:25+00:00,2024-04-24 17:21:23+00:00,running,1797.87,1796.85,4481.37,0.0,2.0,276,2145.0,139.0,72.0,1040.0,178,91,144.0,7.634,7.634,2.494,2.494,187.0,0.0,0.0,0.0,0.0,2.5,460092897983758336.fit,,,,,,,
2024-04-24 17:59:27+00:00,2024-04-24 18:14:04+00:00,training,876.95,843.04,0.0,,,57,,,,,124,89,103.0,,,,,,,,,,,460093667596599296.fit,strength_training,,,,,,
2024-04-28 17:32:53+00:00,2024-04-28 18:19:33+00:00,training,2799.96,2739.01,0.0,,,263,,,,,138,54,92.0,,,,,,,,,,,460186559675662336.fit,strength_training,,,,,,
2024-04-29 16:53:24+00:00,2024-04-29 17:38:41+00:00,running,2717.12,2644.88,7685.12,14.0,14.0,477,3452.0,85.0,78.0,1110.0,183,82,157.0,4.082,4.082,2.907,2.907,221.0,0.0,0.0,0.0,0.0,2.9230000972747803,460209063964213248.fit,,,,,,,
2024-04-30 16:53:58+00:00,2024-04-30 17:40:28+00:00,running,2790.07,2780.95,7053.37,171.0,185.0,522,3315.0,142.0,77.0,1060.0,185,100,161.0,4.95,4.95,2.538,2.538,201.0,0.0,0.0,0.0,0.0,2.8489999771118164,460232280139399168.fit,trail,,,,,,
2024-05-02 16:54:47+00:00,2024-05-02 18:06:40+00:00,training,4313.07,4163.16,0.0,,,360,,,,,121,64,84.0,,,,,,,,,,,460279087768829952.fit,strength_training,,,,,,
2024-05-03 16:58:17+00:00,2024-05-03 17:53:29+00:00,running,3312.47,3308.02,9510.75,18.0,20.0,657,4317.0,114.0,79.0,1100.0,189,80,168.0,5.78,5.78,2.874,2.874,221.0,0.0,0.0,0.0,0.0,2.890000104904175,460302074970669056.fit,,,,,,,
2024-05-05 09:49:37+00:00,2024-05-05 11:08:34+00:00,running,4736.35,4733.58,12554.47,9.0,8.0,831,6337.0,97.0,80.0,990.0,174,95,154.0,3.663,3.663,2.653,2.653,200.0,0.0,0.0,0.0,0.0,2.6589999198913574,460341936291610624.fit,,,,,,,
2024-05-08 16:08:43+00:00,2024-05-08 17:41:38+00:00,cycling,5575.0,3682.89,16599.72,61.0,71.0,331,,,,,132,71,,9.664,9.664,4.508,4.508,0.0,,,,,,460419384754601984.fit,,0.0,0.0,0.0,0.0,0.0,
2024-05-08 18:36:47+00:00,2024-05-08 19:12:13+00:00,cycling,2126.15,2070.75,8645.61,37.0,42.0,182,,,,,130,80,,9.022,9.022,4.175,4.175,0.0,,,,,,460419385020940288.fit,,0.0,0.0,0.0,0.0,0.0,
2024-05-09 09:46:59+00:00,2024-05-09 14:22:40+00:00,hiking,16540.67,9036.86,5655.59,256.0,278.0,765,,,,630.0,144,67,102.0,4.561,4.561,0.625,0.625,0.0,0.0,0.0,0.0,0.0,,460437832712880129.fit,,107.0,55.0,,,,
2024-05-10 17:45:04+00:00,2024-05-10 18:14:53+00:00,training,1789.1,1398.85,0.0,,,99,,,,,103,66,85.0,,,,,,,,,,,460464761084084224.fit,strength_training,,,,,,
2024-05-11 17:11:37+00:00,2024-05-11 18:54:36+00:00,cycling,6179.6,1833.53,14004.44,34.0,35.0,228,,,,,161,74,,14.217,14.217,7.639,7.639,0.0,,,,,,460488713042952192.fit,road,0.0,0.0,0.0,0.0,0.0,
2024-05-12 08:03:42+00:00,2024-05-12 12:47:58+00:00,cycling,17055.85,12543.18,71157.55,220.0,214.0,1409,,,,,161,84,,13.447,13.447,5.672,5.672,0.0,,,,,,460505955726032896.fit,road,0.0,0.0,0.0,0.0,0.0,
2024-05-15 18:47:10+00:00,2024-05-15 19:47:56+00:00,running,3646.25,3592.93,10384.44,9.0,13.0,859,4713.0,85.0,79.0,1100.0,183,74,162.0,4.739,4.739,2.89,2.89,214.0,0.0,0.0,0.0,0.0,2.8980000019073486,460582347891310592.fit,,,,,,,
2024-05-17 17:49:21+00:00,2024-05-17 18:46:15+00:00,running,3414.02,3410.85,8728.25,25.0,27.0,713,4487.0,124.0,78.0,970.0,171,119,145.0,5.319,5.319,2.558,2.558,189.0,0.0,0.0,0.0,0.0,2.5769999027252197,460627623289061376.fit,,,,,,,
2024-05-18 10:42:57+00:00,2024-05-18 11:06:26+00:00,stand_up_paddleboarding,1409.4,1223.39,1094.37,,,129,,,,,124,96,113.0,1.703,1.703,0.894,0.894,0.0,,,,,,460643738813759488.fit,,,,,,,
2024-05-22 17:58:43+00:00,2024-05-22 18:47:20+00:00,running,2917.21,2912.25,8610.04,31.0,40.0,711,3780.0,83.0,78.0,1120.0,179,81,160.0,3.484,3.484,2.959,2.959,220.0,0.0,0.0,0.0,0.0,2.9760000705718994,460743692364316679.fit,,,,,,,
2024-05-23 18:14:37+00:00,2024-05-23 19:08:10+00:00,running,3212.99,3209.58,9509.15,17.0,27.0,780,4326.0,86.0,81.0,1090.0,176,94,160.0,3.46,3.46,2.959,2.959,219.0,0.0,0.0,0.0,0.0,2.9670000076293945,460767214289584131.fit,,,,,,,
2024-05-26 17:40:17+00:00,2024-05-26 17:51:55+00:00,swimming,698.08,448.26,202.53,,,69,,,,,137,89,,1.667,1.667,0.452,0.452,,,,,,,460836099927867398.fit,,59.0,38.0,,,,
2024-05-28 17:41:21+00:00,2024-05-28 18:57:17+00:00,running,4556.35,4553.2,13305.48,28.0,31.0,1086,6085.0,101.0,80.0,1090.0,175,89,157.0,4.237,4.237,2.924,2.924,217.0,0.0,0.0,0.0,0.0,2.940999984741211,460883107539615751.fit,,,,,,,
2024-05-31 18:03:15+00:00,2024-05-31 19:04:44+00:00,running,3689.08,3685.89,10012.2,20.0,26.0,788,4903.0,83.0,79.0,1020.0,162,96,146.0,3.115,3.115,2.717,2.717,201.0,0.0,0.0,0.0,0.0,2.7239999771118164,460952683862327296.fit,,,,,,,
2024-06-02 17:42:10+00:00,2024-06-02 19:01:35+00:00,running,4765.19,4762.33,14356.44,45.0,47.0,1168,6494.0,98.0,81.0,1100.0,184,95,166.0,3.571,3.571,3.012,3.012,225.0,0.0,0.0,0.0,0.0,3.0390000343322754,460999049644900355.fit,,,,,,,
2024-06-08 14:53:28+00:00,2024-06-08 16:40:09+00:00,stand_up_paddleboarding,6401.86,2859.24,536.21,,,197,,,,,116,67,91.0,1.703,1.703,0.189,0.189,0.0,,,,,,461136624695148546.fit,,,,,,,
2024-06-14 16:30:46+00:00,2024-06-14 18:13:49+00:00,running,6183.64,6149.45,12304.64,485.0,475.0,1181,6880.0,127.0,72.0,830.0,182,94,148.0,5.587,5.587,2.0,2.0,180.0,0.0,0.0,0.0,0.0,2.4749999046325684,461276516077043717.fit,,,,,,,
2024-06-19 18:05:30+00:00,2024-06-19 18:20:11+00:00,training,880.9,878.7,0.0,,,121,,,,,122,72,95.0,,,,,,,,,,,461392591861088257.fit,strength_training,,,,,,
2024-06-26 18:38:18+00:00,2024-06-26 19:15:10+00:00,running,2211.98,2208.41,5151.73,4.0,6.0,442,2832.0,121.0,77.0,900.0,155,106,138.0,4.673,4.673,2.333,2.333,177.0,0.0,0.0,0.0,0.0,2.3359999656677246,461555811089416193.fit,,,,,,,
2024-06-30 18:02:31+00:00,2024-06-30 19:30:34+00:00,running,5282.83,5271.92,15209.05,41.0,42.0,1297,6836.0,89.0,78.0,1100.0,186,96,161.0,4.202,4.202,2.885,2.885,220.0,0.0,0.0,0.0,0.0,2.8980000019073486,461648819677855744.fit,,,,,,,
2024-07-07 17:33:13+00:00,2024-07-07 18:55:37+00:00,running,4943.45,4932.51,15348.47,41.0,44.0,1285,6775.0,100.0,81.0,1140.0,187,82,167.0,4.31,4.31,3.112,3.112,237.0,0.0,0.0,0.0,0.0,3.134000062942505,461810613245476865.fit,,,,,,,
2024-07-11 15:11:51+00:00,2024-07-11 15:23:16+00:00,swimming,685.11,471.28,296.42,,,77,,,,,120,94,,1.818,1.818,0.629,0.629,,,,,,,461900789302984709.fit,,51.0,39.0,,,,
2024-07-12 11:53:42+00:00,2024-07-12 13:06:11+00:00,swimming,4348.94,330.01,200.37,,,54,,,,,132,96,,1.449,1.449,0.607,0.607,,,,,,,461928122743291906.fit,,39.0,34.0,,,,
2024-07-12 17:51:06+00:00,2024-07-12 19:00:31+00:00,swimming,4165.01,742.56,404.97,,,120,,,,,141,101,,1.351,1.351,0.545,0.545,,,,,,,461928122745389057.fit,,47.0,32.0,,,,
2024-07-13 09:13:16+00:00,2024-07-13 10:34:00+00:00,swimming,4844.42,1109.43,528.32,,,179,,,,,131,95,110.0,1.124,1.124,0.476,0.476,,,,,,,461963914050043914.fit,,38.0,28.0,,,,26.0
2024-07-19 17:49:11+00:00,2024-07-19 18:39:33+00:00,running,3021.89,3018.83,8504.98,26.0,21.0,696,3997.0,111.0,79.0,1060.0,182,82,153.0,5.65,5.65,2.817,2.817,221.0,0.0,0.0,0.0,0.0,2.8399999141693115,462088661373059082.fit,,,,,,,29.0
2024-07-20 15:22:19+00:00,2024-07-20 15:48:52+00:00,swimming,1593.69,261.64,147.07,,,43,,,,,114,92,104.0,1.299,1.299,0.562,0.562,,,,,,,462109546725277699.fit,,46.0,37.0,,,,26.0
2024-07-28 11:36:49+00:00,2024-07-28 12:00:03+00:00,training,1394.17,313.21,0.0,,,48,,,,,107,74,93.0,,,,,,,,,,,462291002384744451.fit,strength_training,,,,,,32.0
2024-07-29 18:14:00+00:00,2024-07-29 19:10:21+00:00,running,3381.2,3342.99,9362.21,25.0,25.0,775,4542.0,90.0,81.0,1030.0,180,89,153.0,4.525,4.525,2.801,2.801,219.0,0.0,0.0,0.0,0.0,2.815999984741211,462321082991411200.fit,,,,,,,32.0
2024-08-02 19:47:14+00:00,2024-08-02 19:56:47+00:00,running,573.08,570.16,1701.87,7.0,10.0,132,768.0,98.0,79.0,1130.0,181,86,155.0,5.319,5.319,2.985,2.985,221.0,0.0,0.0,0.0,0.0,3.0209999084472656,462414616106926084.fit,,,,,,,22.0
2024-08-11 04:57:06+00:00,2024-08-11 05:57:28+00:00,cycling,3622.75,3570.77,21235.71,288.0,295.0,583,,,,,179,75,141.0,14.928,14.928,5.947,5.947,0.0,,,,,,462610562447081474.fit,road,0.0,0.0,0.0,0.0,0.0,25.0
2024-08-15 06:24:34+00:00,2024-08-15 11:38:03+00:00,hiking,18809.18,16999.24,11379.5,784.0,803.0,1474,,,,620.0,136,65,100.0,4.628,4.628,0.669,0.669,0.0,0.0,0.0,0.0,0.0,,462708092832874501.fit,,112.0,35.0,,,,28.0
2024-08-25 15:51:21+00:00,2024-08-25 17:11:30+00:00,running,4808.79,4764.3,14376.4,42.0,40.0,1191,6500.0,84.0,81.0,1110.0,171,89,158.0,3.436,3.436,3.018,3.018,237.0,0.0,0.0,0.0,0.0,3.0390000343322754,462945384942043137.fit,,,,,,,26.0
2024-09-09 16:16:05+00:00,2024-09-09 17:41:11+00:00,running,5105.89,5086.15,15029.35,35.0,37.0,1362,6707.0,85.0,79.0,1120.0,194,90,167.0,3.534,3.534,2.955,2.955,232.0,0.0,0.0,0.0,0.0,2.9760000705718994,463293751886905347.fit,,,,,,,23.0
2024-09-27 17:02:12+00:00,2024-09-27 18:14:46+00:00,running,4354.22,1630.81,4507.83,26.0,33.0,379,2200.0,102.0,81.0,1010.0,176,70,148.0,3.311,3.311,2.764,2.764,214.0,0.0,0.0,0.0,0.0,2.7929999828338623,463711797696823300.fit,,,,,,,20.0
2024-09-29 14:28:33+00:00,2024-09-29 15:15:56+00:00,running,2843.17,2814.97,7418.92,57.0,58.0,618,3923.0,89.0,83.0,950.0,192,80,147.0,4.065,4.065,2.636,2.636,209.0,0.0,0.0,0.0,0.0,2.680000066757202,463755317258256389.fit,,,,,,,21.0
2024-10-06 06:22:39+00:00,2024-10-06 06:30:56+00:00,running,496.26,464.88,1037.16,4.0,3.0,97,611.0,98.0,80.0,830.0,161,116,143.0,3.021,3.021,2.231,2.231,177.0,0.0,0.0,0.0,0.0,2.256999969482422,463909165134282753.fit,,,,,,,21.0
2024-10-06 06:59:43+00:00,2024-10-06 08:45:14+00:00,running,6331.15,6328.97,21300.46,71.0,76.0,1876,8750.0,89.0,82.0,1220.0,191,100,178.0,3.817,3.817,3.366,3.366,265.0,0.0,0.0,0.0,0.0,3.3889999389648438,463911325771268098.fit,,,,,,,19.0
2024-10-12 09:44:35+00:00,2024-10-12 10:49:16+00:00,cycling,3881.25,3860.39,20610.78,299.0,308.0,631,,,,,173,82,143.0,13.85,13.85,5.339,5.339,0.0,,,,,,464052492756353029.fit,road,0.0,0.0,0.0,0.0,0.0,21.0
2024-11-18 10:39:21+00:00,2024-11-18 11:57:29+00:00,running,4687.46,4683.09,13236.01,15.0,15.0,1200,6244.0,99.0,80.0,1050.0,173,83,160.0,3.378,3.378,2.826,2.826,223.0,0.0,0.0,0.0,0.0,2.8320000171661377,464911706603159554.fit,,,,,,,19.0
2025-01-11 11:17:38+00:00,2025-01-11 11:34:14+00:00,training,995.83,902.16,0.0,,,78,,,,,160,70,112.0,,,,,,,,,,,466163778698903560.fit,strength_training,,,,,,30.0
2025-01-15 17:12:39+00:00,2025-01-15 17:36:32+00:00,training,1433.25,1328.47,0.0,,,118,,,,,141,67,99.0,,,,,,,,,,,466262349003653120.fit,strength_training,,,,,,29.0
2025-01-18 11:05:45+00:00,2025-01-18 11:38:42+00:00,training,1976.72,1771.07,0.0,,,147,,,,,132,67,99.0,,,,,,,,,,,466326164166705159.fit,strength_training,,,,,,29.0
2025-01-19 10:48:17+00:00,2025-01-19 11:39:14+00:00,running,3057.4,2946.04,8443.77,38.0,48.0,819,3947.0,84.0,80.0,1060.0,182,115,167.0,3.509,3.509,2.866,2.866,227.0,0.0,0.0,0.0,0.0,2.890000104904175,466349366651682836.fit,,,,,,,15.0
2025-01-20 11:19:18+00:00,2025-01-20 11:55:13+00:00,training,2154.77,2114.72,0.0,,,157,,,,,129,65,94.0,,,,,,,,,,,466372815562506246.fit,strength_training,,,,,,31.0
2025-01-23 11:28:58+00:00,2025-01-23 11:53:03+00:00,training,1444.97,1385.1,0.0,,,131,,,,,133,69,99.0,,,,,,,,,,,466442394569572357.fit,strength_training,,,,,,29.0
2025-01-27 11:28:34+00:00,2025-01-27 11:57:26+00:00,training,1731.98,1589.48,0.0,,,133,,,,,120,66,94.0,,,,,,,,,,,466535239685013512.fit,strength_training,,,,,,30.0
2025-01-29 10:36:19+00:00,2025-01-29 10:59:36+00:00,training,1396.93,1351.0,0.0,,,118,,,,,134,66,94.0,,,,,,,,,,,466580686610923521.fit,strength_training,,,,,,30.0
2025-02-26 10:17:47+00:00,2025-02-26 10:48:46+00:00,running,1858.51,1832.61,5298.98,5.0,6.0,499,2469.0,84.0,80.0,1080.0,176,92,166.0,3.356,3.356,2.891,2.891,230.0,0.0,0.0,0.0,0.0,2.8980000019073486,467230053185388547.fit,,,,,,,20.0
2025-04-22 17:00:07+00:00,2025-04-22 17:45:08+00:00,running,2701.23,2461.77,6266.55,22.0,14.0,565,3208.0,80.0,76.0,1000.0,171,98,151.0,3.333,3.333,2.546,2.546,202.0,0.0,0.0,0.0,0.0,2.5769999027252197,468512200783331328.fit,,,,,,,24.0
2025-04-24 16:55:54+00:00,2025-04-24 17:32:15+00:00,running,2180.99,2165.3,5492.36,28.0,39.0,474,2805.0,89.0,76.0,1000.0,165,115,144.0,3.067,3.067,2.537,2.537,200.0,0.0,0.0,0.0,0.0,2.556999921798706,468559129741393938.fit,,,,,,,20.0
2025-04-28 18:36:17+00:00,2025-04-28 18:42:33+00:00,cycling,375.94,374.15,2511.11,0.0,3.0,56,,,,,165,101,137.0,9.289,9.289,6.711,6.711,0.0,,,,,,468652272549658635.fit,road,0.0,0.0,0.0,0.0,0.0,24.0
2025-05-05 16:45:45+00:00,2025-05-05 17:25:11+00:00,running,2365.9,2363.01,6885.01,4.0,6.0,551,3166.0,87.0,80.0,1090.0,182,84,152.0,4.545,4.545,2.914,2.914,228.0,0.0,0.0,0.0,0.0,2.9149999618530273,468813380801560576.fit,,,,,,,19.0
2025-05-13 14:39:19+00:00,2025-05-13 15:32:30+00:00,running,3190.06,3162.04,8840.76,3.0,3.0,740,4201.0,143.0,79.0,1060.0,170,93,153.0,4.975,4.975,2.796,2.796,221.0,0.0,0.0,0.0,0.0,2.8010001182556152,468997109568274443.fit,,,,,,,29.0
2025-05-17 09:26:40+00:00,2025-05-17 10:23:59+00:00,running,3439.05,3435.97,10226.48,7.0,8.0,898,4582.0,84.0,80.0,1120.0,182,91,163.0,3.788,3.788,2.976,2.976,235.0,0.0,0.0,0.0,0.0,2.9760000705718994,469084910244626443.fit,,,,,,,27.0
2025-05-17 11:27:32+00:00,2025-05-17 13:06:38+00:00,cycling,5945.53,4137.69,19631.54,112.0,32.0,539,,,,,162,96,126.0,7.942,7.942,4.744,4.744,0.0,,,,,,469087543864885253.fit,road,0.0,0.0,0.0,0.0,0.0,27.0
2025-05-17 14:32:20+00:00,2025-05-17 15:39:56+00:00,cycling,4056.42,3976.09,21394.15,27.0,110.0,454,,,,,146,86,117.0,12.742,12.742,5.381,5.381,0.0,,,,,,469089997633388564.fit,road,0.0,0.0,0.0,0.0,0.0,29.0
2025-05-21 17:25:14+00:00,2025-05-21 18:13:19+00:00,running,2884.5,2880.64,8911.78,3.0,3.0,751,3864.0,86.0,80.0,1150.0,184,95,163.0,4.219,4.219,3.094,3.094,244.0,0.0,0.0,0.0,0.0,3.0950000286102295,469185239606919175.fit,,,,,,,23.0
2025-05-26 16:28:42+00:00,2025-05-26 17:12:48+00:00,running,2645.99,2517.81,7094.38,10.0,11.0,572,3292.0,83.0,77.0,1090.0,167,72,149.0,3.3,3.3,2.818,2.818,221.0,0.0,0.0,0.0,0.0,2.8239998817443848,469300324327260184.fit,,,,,,,25.0
2025-06-01 17:47:25+00:00,2025-06-01 18:43:00+00:00,running,3334.82,3323.68,9610.81,139.0,143.0,756,4382.0,83.0,79.0,1100.0,171,98,150.0,3.788,3.788,2.892,2.892,234.0,0.0,0.0,0.0,0.0,3.0759999752044678,469440838477316103.fit,,,,,,,27.0
2025-06-14 11:06:42+00:00,2025-06-14 14:35:15+00:00,hiking,12512.6,9039.07,9426.32,418.0,443.0,1020,,,,690.0,175,72,117.0,2.658,2.658,1.042,1.042,0.0,0.0,0.0,0.0,0.0,,469741432503042056.fit,,116.0,45.0,,,,34.0
2025-06-17 17:30:32+00:00,2025-06-17 18:25:49+00:00,running,3317.33,3139.67,8765.93,7.0,12.0,676,4139.0,119.0,77.0,1080.0,162,68,145.0,3.115,3.115,2.792,2.792,220.0,0.0,0.0,0.0,0.0,2.7929999828338623,469812547229351945.fit,,,,,,,30.0
2025-06-17 18:29:38+00:00,2025-06-17 18:35:06+00:00,training,327.79,326.29,0.0,,,72,,,,,163,98,130.0,,,,,,,,,,,469812547229351947.fit,strength_training,,,,,,30.0
2025-06-22 07:07:29+00:00,2025-06-22 08:35:59+00:00,generic,5309.15,5293.23,162.64,0.0,1.0,682,,,,40.0,154,98,126.0,1.908,1.908,0.031,0.031,0.0,0.0,0.0,0.0,0.0,,469918110544068616.fit,,19.0,79.0,,,,30.0
2025-07-20 10:59:35+00:00,2025-07-20 11:37:13+00:00,running,2258.13,2238.19,6225.84,16.0,13.0,626,2971.0,84.0,79.0,1050.0,184,113,171.0,3.289,3.289,2.782,2.782,220.0,0.0,0.0,0.0,0.0,2.8010001182556152,470570428568469606.fit,,,,,,,33.0
2025-07-22 18:38:30+00:00,2025-07-22 19:42:06+00:00,running,3816.2,3130.3,9045.52,17.0,12.0,743,4096.0,84.0,79.0,1100.0,184,87,154.0,4.831,4.831,2.89,2.89,229.0,0.0,0.0,0.0,0.0,2.9059998989105225,470624625953374215.fit,,,,,,,26.0
2025-08-08 18:14:29+00:00,2025-08-08 19:25:54+00:00,running,4285.08,4257.94,11847.16,90.0,90.0,1129,5546.0,87.0,78.0,1070.0,192,90,165.0,4.95,4.95,2.782,2.782,223.0,0.0,0.0,0.0,0.0,2.9230000972747803,471018655379915053.fit,,,,,,,31.0
2025-08-12 18:06:32+00:00,2025-08-12 19:02:42+00:00,running,3369.41,3366.57,9331.51,89.0,88.0,807,4422.0,92.0,79.0,1050.0,183,95,155.0,5.263,5.263,2.772,2.772,226.0,0.0,0.0,0.0,0.0,2.9230000972747803,471111041200193539.fit,,,,,,,33.0
2025-08-17 08:26:09+00:00,2025-08-17 10:11:39+00:00,running,6329.9,6311.49,17198.75,122.0,113.0,1445,8297.0,84.0,78.0,1040.0,178,89,151.0,3.597,3.597,2.725,2.725,219.0,0.0,0.0,0.0,0.0,2.8239998817443848,471218456721653762.fit,,,,,,,31.0
2025-08-23 11:06:51+00:00,2025-08-23 12:06:07+00:00,running,3555.95,3530.21,9600.55,100.0,21.0,858,4686.0,119.0,80.0,1020.0,184,102,157.0,4.444,4.444,2.719,2.719,228.0,0.0,0.0,0.0,0.0,2.940999984741211,471359451371176238.fit,,,,,,,28.0
2025-08-24 08:49:19+00:00,2025-08-24 10:42:20+00:00,running,6781.5,6751.98,18641.16,122.0,118.0,1554,9044.0,88.0,80.0,1040.0,181,90,152.0,4.831,4.831,2.761,2.761,223.0,0.0,0.0,0.0,0.0,2.865000009536743,471381297990762599.fit,,,,,,,27.0
2025-08-26 16:32:49+00:00,2025-08-26 17:31:54+00:00,running,3545.4,3528.26,10242.65,64.0,65.0,811,4622.0,99.0,79.0,1100.0,197,84,154.0,5.952,5.952,2.903,2.903,225.0,0.0,0.0,0.0,0.0,2.9670000076293945,471434278291406949.fit,,,,,,,28.0
2025-08-28 16:11:42+00:00,2025-08-28 17:34:22+00:00,running,4960.41,4911.36,14673.8,138.0,160.0,1124,6346.0,91.0,80.0,1120.0,177,100,153.0,5.102,5.102,2.988,2.988,235.0,0.0,0.0,0.0,0.0,3.1050000190734863,471480702861344873.fit,,,,,,,21.0
2025-08-31 08:11:06+00:00,2025-08-31 10:13:49+00:00,running,7362.35,7321.85,20506.76,41.0,103.0,1547,10022.0,86.0,81.0,1030.0,167,90,147.0,3.247,3.247,2.801,2.801,213.0,0.0,0.0,0.0,0.0,2.7929999828338623,471543189541519768.fit,,,,,,,29.0
2025-09-02 10:11:06+00:00,2025-09-02 11:19:54+00:00,running,4127.61,3606.11,10002.74,54.0,57.0,765,4935.0,87.0,81.0,1020.0,165,87,147.0,3.226,3.226,2.774,2.774,215.0,0.0,0.0,0.0,0.0,2.8239998817443848,471590635239932307.fit,,,,,,,28.0
2025-09-04 10:05:57+00:00,2025-09-04 11:34:55+00:00,running,5338.06,5334.84,15550.71,138.0,133.0,1269,7138.0,91.0,80.0,1090.0,193,95,158.0,5.025,5.025,2.915,2.915,229.0,0.0,0.0,0.0,0.0,3.003000020980835,471637266236735890.fit,,,,,,,25.0
2025-09-11 10:09:04+00:00,2025-09-11 10:52:28+00:00,running,2604.55,2559.87,7408.28,37.0,51.0,522,3526.0,90.0,82.0,1060.0,174,91,144.0,4.63,4.63,2.894,2.894,222.0,0.0,0.0,0.0,0.0,2.931999921798706,471799052279775235.fit,,,,,,,28.0
2025-09-16 05:17:21+00:00,2025-09-16 06:36:34+00:00,running,4752.72,4737.37,14298.75,91.0,129.0,1242,6409.0,87.0,81.0,1120.0,193,85,167.0,3.953,3.953,3.018,3.018,236.0,0.0,0.0,0.0,0.0,3.0480000972747803,471910794443915564.fit,,,,,,,22.0
2025-09-18 05:15:47+00:00,2025-09-18 06:17:58+00:00,running,3730.47,3708.08,10447.32,62.0,109.0,916,4929.0,91.0,80.0,1050.0,193,96,162.0,5.155,5.155,2.817,2.817,218.0,0.0,0.0,0.0,0.0,2.815999984741211,471956857968164869.fit,,,,,,,21.0
2025-09-20 07:53:17+00:00,2025-09-20 09:35:51+00:00,running,6153.17,6144.47,19311.72,59.0,131.0,1612,8342.0,85.0,81.0,1160.0,187,94,167.0,4.184,4.184,3.143,3.143,240.0,0.0,0.0,0.0,0.0,3.134000062942505,472006681205702759.fit,,,,,,,30.0
2025-10-05 05:52:40+00:00,2025-10-05 06:05:48+00:00,running,788.12,470.19,1147.32,0.0,5.0,97,601.0,81.0,77.0,950.0,156,84,144.0,3.215,3.215,2.44,2.44,188.0,0.0,0.0,0.0,0.0,2.4210000038146973,472350940819652811.fit,,,,,,,24.0
2025-10-16 10:07:55+00:00,2025-10-16 10:41:33+00:00,running,2017.95,2014.17,5799.76,31.0,34.0,436,2776.0,90.0,81.0,1060.0,179,112,150.0,4.695,4.695,2.879,2.879,223.0,0.0,0.0,0.0,0.0,2.931999921798706,472610501524750535.fit,,,,,,,19.0
2025-10-22 06:05:02+00:00,2025-10-22 06:42:13+00:00,running,2231.09,2227.54,6371.54,17.0,94.0,502,3060.0,95.0,82.0,1040.0,193,80,152.0,5.076,5.076,2.86,2.86,214.0,0.0,0.0,0.0,0.0,2.7929999828338623,472745804006719492.fit,,,,,,,24.0
2025-10-28 07:17:22+00:00,2025-10-28 08:08:15+00:00,running,3052.98,3040.14,9798.16,20.0,100.0,776,4204.0,88.0,82.0,1170.0,194,85,164.0,4.184,4.184,3.223,3.223,243.0,0.0,0.0,0.0,0.0,3.1440000534057617,472886347678384331.fit,,,,,,,20.0
2025-10-30 11:20:07+00:00,2025-10-30 12:00:42+00:00,running,2435.37,1962.49,6230.72,41.0,41.0,479,2737.0,89.0,83.0,1150.0,188,79,158.0,4.329,4.329,3.175,3.175,246.0,0.0,0.0,0.0,0.0,3.2360000610351562,472936476395470848.fit,,,,,,,21.0
2025-11-03 07:07:24+00:00,2025-11-03 07:59:48+00:00,running,3144.85,3092.87,9498.86,12.0,93.0,729,4301.0,95.0,83.0,1110.0,199,90,157.0,5.618,5.618,3.071,3.071,231.0,0.0,0.0,0.0,0.0,2.99399995803833,473025369595740467.fit,,,,,,,20.0
2025-11-05 11:28:01+00:00,2025-11-05 12:04:13+00:00,running,2172.3,1885.16,5851.22,35.0,34.0,469,2643.0,90.0,83.0,1120.0,195,81,161.0,4.717,4.717,3.104,3.104,245.0,0.0,0.0,0.0,0.0,3.1740000247955322,473075689438871757.fit,,,,,,,25.0
2025-11-12 11:23:58+00:00,2025-11-12 12:06:09+00:00,running,2530.58,2029.78,5551.06,48.0,46.0,419,2823.0,85.0,82.0,1000.0,161,70,141.0,3.322,3.322,2.735,2.735,213.0,0.0,0.0,0.0,0.0,2.8010001182556152,473238071945494729.fit,,,,,,,24.0
2025-11-19 10:59:13+00:00,2025-11-19 11:40:05+00:00,running,2451.87,2414.79,6515.85,45.0,45.0,541,3171.0,84.0,79.0,1020.0,183,109,149.0,4.049,4.049,2.698,2.698,211.0,0.0,0.0,0.0,0.0,2.746999979019165,473399999728746700.fit,,,,,,,16.0
2025-11-23 07:58:31+00:00,2025-11-23 08:51:28+00:00,running,3176.7,1780.11,5655.11,4.0,5.0,448,2476.0,116.0,82.0,1160.0,198,110,159.0,8.264,8.264,3.177,3.177,243.0,0.0,0.0,0.0,0.0,3.184000015258789,473490877478633572.fit,,,,,,,14.0
2025-11-23 08:54:28+00:00,2025-11-23 09:22:07+00:00,walking,1658.39,1654.69,2602.52,6.0,4.0,169,1561.0,,,840.0,155,97,114.0,4.831,4.831,1.573,1.573,0.0,0.0,0.0,0.0,0.0,,473490877478633573.fit,,83.0,56.0,,,,14.0
2025-12-11 11:02:44+00:00,2025-12-11 11:57:28+00:00,running,3283.49,1971.44,5528.36,40.0,41.0,475,2591.0,82.0,78.0,1070.0,182,93,154.0,3.344,3.344,2.804,2.804,219.0,284.0,0.0,104.0,9.7,2.872999906539917,473910520747950383.fit,,,,,,,21.0
