start_time,timestamp,sport,total_elapsed_time,total_timer_time,total_distance,total_ascent,total_descent,total_calories,total_strides,max_running_cadence,avg_running_cadence,avg_step_length,max_heart_rate,min_heart_rate,avg_heart_rate,enhanced_max_speed,max_speed,enhanced_avg_speed,avg_speed,avg_power,avg_stance_time,avg_stance_time_balance,avg_vertical_oscillation,avg_vertical_ratio,Effort Pace,file_name,max_cadence,avg_cadence,max_power,total_work,normalized_power,sub_sport,avg_temperature
2024-04-23 10:36:40,2024-04-23 11:09:42,running,1982.23,1982.22,6015.86,19.0,21.0,401,2552.0,81.0,77.0,1180.0,187,120.0,173.0,3.802,3.802,3.04,3.04,223.0,0.0,0.0,0.0,0.0,3.058000087738037,460063636637908992.fit,,,,,,,
2024-04-27 17:01:03,2024-04-27 17:56:40,running,3337.51,3337.5,10011.53,24.0,41.0,636,4383.0,96.0,78.0,1140.0,181,105.0,166.0,3.922,3.922,3.003,3.003,219.0,0.0,0.0,0.0,0.0,3.01200008392334,460162964735950859.fit,,,,,,,
2024-05-01 09:21:55,2024-05-01 12:02:50,cycling,9654.67,9654.67,58402.0,179.0,173.0,1295,,,,,157,92.0,,12.594,12.594,6.05,6.05,0.0,,,,,,460250055937392640.fit,0.0,0.0,0.0,0.0,0.0,,
2024-05-08 18:14:06,2024-05-08 18:32:58,running,1131.97,1131.97,3011.76,4.0,5.0,179,1463.0,88.0,79.0,1030.0,164,96.0,147.0,3.509,3.509,2.66,2.66,196.0,0.0,0.0,0.0,0.0,2.6730000972747803,460419385023037440.fit,,,,,,,
2024-05-11 12:38:47,2024-05-11 12:59:38,cycling,1250.59,1250.59,9020.32,23.0,21.0,187,,,,,165,84.0,,11.253,11.253,7.214,7.214,0.0,,,,,,460482901681668097.fit,0.0,0.0,0.0,0.0,0.0,road,
2024-05-13 17:07:05,2024-05-13 17:58:44,running,3099.43,3099.37,8040.57,12.0,10.0,521,4090.0,94.0,79.0,980.0,171,111.0,150.0,3.46,3.46,2.597,2.597,192.0,0.0,0.0,0.0,0.0,2.6040000915527344,460534089103998976.fit,,,,,,,
2024-05-14 16:12:05,2024-05-14 16:50:27,running,2301.89,2301.83,6510.1,10.0,12.0,539,3022.0,94.0,79.0,1080.0,187,96.0,164.0,4.484,4.484,2.825,2.825,210.0,0.0,0.0,0.0,0.0,2.8399999141693115,460556194224832515.fit,,,,,,,
2024-05-18 13:24:44,2024-05-18 14:36:50,running,4326.55,4326.54,11808.34,54.0,47.0,977,5726.0,118.0,79.0,1030.0,186,83.0,156.0,5.319,5.319,2.732,2.732,204.0,0.0,0.0,0.0,0.0,2.7699999809265137,460646903399350272.fit,,,,,,,
2024-05-27 06:47:07,2024-05-27 07:24:52,running,2265.24,2265.19,6431.98,23.0,24.0,505,3076.0,89.0,81.0,1050.0,177,84.0,152.0,3.831,3.831,2.841,2.841,210.0,0.0,0.0,0.0,0.0,2.8570001125335693,460848656264757250.fit,,,,,,,
2024-06-04 18:17:50,2024-06-04 19:05:00,running,2829.94,2829.94,7032.38,25.0,22.0,588,3622.0,87.0,77.0,960.0,172,86.0,146.0,3.106,3.106,2.488,2.488,185.0,0.0,0.0,0.0,0.0,2.5,461045526830284801.fit,,,,,,,
2024-06-05 10:27:40,2024-06-05 11:22:44,running,3303.67,3303.61,8817.16,29.0,29.0,731,4417.0,119.0,79.0,1000.0,169,88.0,152.0,5.051,5.051,2.667,2.667,199.0,0.0,0.0,0.0,0.0,2.687999963760376,461061216614252545.fit,,,,,,,
2024-06-07 06:51:13,2024-06-07 07:40:41,running,2967.11,2967.01,9034.27,23.0,23.0,762,4096.0,105.0,82.0,1110.0,189,91.0,167.0,4.566,4.566,3.049,3.049,226.0,0.0,0.0,0.0,0.0,3.058000087738037,461104095151816704.fit,,,,,,,
2024-06-10 17:41:59,2024-06-10 18:29:42,running,2862.86,2862.85,9003.59,23.0,29.0,745,3911.0,92.0,81.0,1160.0,188,80.0,165.0,4.184,4.184,3.145,3.145,235.0,0.0,0.0,0.0,0.0,3.1640000343322754,461183986641698820.fit,,,,,,,
2024-06-18 18:29:10,2024-06-18 19:12:18,running,2587.67,2587.66,7893.65,18.0,18.0,676,3460.0,86.0,80.0,1140.0,181,83.0,162.0,3.922,3.922,3.049,3.049,233.0,0.0,0.0,0.0,0.0,3.066999912261963,461370209446428675.fit,,,,,,,
2024-06-20 10:24:34,2024-06-20 11:04:13,running,2378.69,2378.64,6437.84,22.0,22.0,547,3179.0,107.0,79.0,1020.0,165,89.0,152.0,4.167,4.167,2.71,2.71,207.0,0.0,0.0,0.0,0.0,2.7239999771118164,461408836234805249.fit,,,,,,,
2024-06-21 16:39:41,2024-06-21 17:30:32,running,3050.57,3050.57,8488.69,21.0,24.0,724,4064.0,91.0,80.0,1040.0,182,94.0,154.0,4.831,4.831,2.786,2.786,213.0,0.0,0.0,0.0,0.0,2.8010001182556152,461438214347980805.fit,,,,,,,
2024-06-22 17:24:28,2024-06-22 18:32:36,running,4087.91,4087.91,11608.99,45.0,46.0,978,5433.0,84.0,79.0,1070.0,170,87.0,155.0,3.745,3.745,2.841,2.841,218.0,0.0,0.0,0.0,0.0,2.8570001125335693,461462346693378051.fit,,,,,,,
2024-06-25 06:56:00,2024-06-25 08:04:41,running,4120.77,4120.76,11880.53,28.0,23.0,1017,5513.0,85.0,79.0,1080.0,183,89.0,158.0,3.521,3.521,2.882,2.882,220.0,0.0,0.0,0.0,0.0,2.8980000019073486,461521821523542018.fit,,,,,,,
2024-06-27 18:41:34,2024-06-27 19:40:44,running,3549.49,3549.38,10499.66,22.0,28.0,866,4870.0,86.0,81.0,1080.0,172,97.0,156.0,3.344,3.344,2.958,2.958,226.0,0.0,0.0,0.0,0.0,2.9670000076293945,461579403074240516.fit,,,,,,,
2024-07-01 17:09:44,2024-07-01 17:46:37,running,2213.51,2213.5,5098.48,4.0,8.0,423,2901.0,85.0,78.0,880.0,154,111.0,134.0,3.571,3.571,2.303,2.303,174.0,0.0,0.0,0.0,0.0,2.309000015258789,461670459067367425.fit,,,,,,,
2024-07-03 17:55:39,2024-07-03 18:33:56,running,2296.9,2296.9,7434.08,25.0,34.0,634,3040.0,85.0,78.0,1240.0,189,76.0,169.0,4.167,4.167,3.236,3.236,246.0,0.0,0.0,0.0,0.0,3.256999969482422,461717753097650177.fit,,,,,,,
2024-07-16 17:51:00,2024-07-16 18:31:46,running,2446.58,2446.52,6585.97,21.0,23.0,559,3222.0,81.0,78.0,1020.0,173,87.0,150.0,3.067,3.067,2.692,2.692,211.0,0.0,0.0,0.0,0.0,2.7100000381469727,462019018209919010.fit,,,,,,,29.0
2024-07-17 18:35:21,2024-07-17 19:20:42,running,2720.98,2720.92,7554.59,13.0,15.0,632,3581.0,82.0,78.0,1060.0,166,97.0,151.0,3.067,3.067,2.776,2.776,218.0,0.0,0.0,0.0,0.0,2.7850000858306885,462043130961625088.fit,,,,,,,29.0
2024-07-21 14:44:16,2024-07-21 15:44:40,running,3623.65,3623.65,10086.82,25.0,22.0,872,4838.0,122.0,80.0,1040.0,174,90.0,155.0,5.435,5.435,2.784,2.784,218.0,0.0,0.0,0.0,0.0,2.7929999828338623,462132229521309700.fit,,,,,,,29.0
2024-07-23 17:30:53,2024-07-23 18:14:17,running,2603.58,2603.52,7569.53,19.0,24.0,605,3575.0,85.0,81.0,1070.0,168,80.0,151.0,3.279,3.279,2.907,2.907,228.0,0.0,0.0,0.0,0.0,2.9230000972747803,462181024109985802.fit,,,,,,,29.0
2024-07-24 18:06:48,2024-07-24 19:07:54,running,3666.15,3666.14,11399.74,44.0,48.0,947,5118.0,87.0,83.0,1120.0,175,85.0,157.0,3.663,3.663,3.109,3.109,244.0,0.0,0.0,0.0,0.0,3.134000062942505,462205082637729795.fit,,,,,,,28.0
2024-07-25 10:11:43,2024-07-25 10:51:36,running,2393.8,2393.61,6614.96,19.0,20.0,559,3370.0,87.0,83.0,990.0,164,88.0,154.0,3.175,3.175,2.763,2.763,217.0,0.0,0.0,0.0,0.0,2.7769999504089355,462220283061764097.fit,,,,,,,31.0
2024-07-28 17:48:25,2024-07-28 18:24:52,running,2187.1,2187.1,6570.71,19.0,20.0,575,3005.0,88.0,81.0,1110.0,178,87.0,165.0,3.571,3.571,3.004,3.004,235.0,0.0,0.0,0.0,0.0,3.0209999084472656,462297156533911554.fit,,,,,,,32.0
2024-08-01 17:09:02,2024-08-01 17:32:41,running,1419.19,1419.18,3863.96,2.0,3.0,300,1869.0,83.0,79.0,1030.0,161,83.0,144.0,3.257,3.257,2.723,2.723,213.0,0.0,0.0,0.0,0.0,2.7320001125335693,462389104001187843.fit,,,,,,,28.0
2024-08-06 10:18:35,2024-08-06 11:06:23,running,2868.09,2868.04,7519.43,15.0,13.0,656,3873.0,83.0,80.0,970.0,168,93.0,152.0,2.849,2.849,2.622,2.622,205.0,0.0,0.0,0.0,0.0,2.63100004196167,462499200119111680.fit,,,,,,,33.0
2024-08-07 17:35:04,2024-08-07 18:16:18,running,2474.08,2474.01,7388.32,15.0,16.0,585,3383.0,96.0,81.0,1090.0,187,84.0,154.0,5.348,5.348,2.986,2.986,232.0,0.0,0.0,0.0,0.0,3.003000020980835,462528971756568579.fit,,,,,,,30.0
2024-08-11 06:01:53,2024-08-11 06:42:01,running,2407.69,2407.69,7345.47,4.0,7.0,637,3251.0,86.0,80.0,1130.0,175,126.0,167.0,3.289,3.289,3.051,3.051,238.0,0.0,0.0,0.0,0.0,3.058000087738037,462610562715516929.fit,,,,,,,27.0
2024-08-13 17:57:31,2024-08-13 18:46:11,running,2919.99,2919.99,6610.95,16.0,34.0,535,3815.0,85.0,77.0,870.0,153,86.0,133.0,2.857,2.857,2.264,2.264,176.0,0.0,0.0,0.0,0.0,2.2669999599456787,462668662348742660.fit,,,,,,,30.0
2024-08-14 16:57:36,2024-08-14 17:57:56,running,3620.04,3620.03,11502.34,53.0,44.0,971,4886.0,84.0,80.0,1180.0,195,89.0,168.0,3.717,3.717,3.177,3.177,250.0,0.0,0.0,0.0,0.0,3.2149999141693115,462691003694874629.fit,,,,,,,30.0
2024-08-20 17:30:25,2024-08-20 18:18:57,running,2912.52,2912.52,8294.84,19.0,24.0,665,3847.0,82.0,79.0,1080.0,164,90.0,152.0,3.205,3.205,2.848,2.848,223.0,0.0,0.0,0.0,0.0,2.8570001125335693,462830559528255490.fit,,,,,,,29.0
2024-08-21 17:09:52,2024-08-21 17:55:39,running,2746.38,2746.37,8006.15,24.0,25.0,666,3690.0,83.0,80.0,1080.0,177,92.0,158.0,3.534,3.534,2.915,2.915,229.0,0.0,0.0,0.0,0.0,2.940999984741211,462853318025183237.fit,,,,,,,27.0
2024-08-23 17:54:59,2024-08-23 18:45:12,running,3012.68,3012.68,8499.5,18.0,24.0,716,4008.0,84.0,79.0,1060.0,175,95.0,155.0,3.226,3.226,2.821,2.821,221.0,0.0,0.0,0.0,0.0,2.8320000171661377,462900502533799943.fit,,,,,,,29.0
2024-08-27 17:16:05,2024-08-27 18:03:40,running,2855.41,2855.41,7752.13,93.0,96.0,659,3730.0,94.0,78.0,1030.0,173,90.0,152.0,3.597,3.597,2.715,2.715,217.0,0.0,0.0,0.0,0.0,2.815999984741211,462992600861802498.fit,,,,,,,29.0
2024-09-02 17:26:24,2024-09-02 18:11:47,running,2723.73,2723.68,7603.93,18.0,19.0,625,3575.0,82.0,78.0,1060.0,166,96.0,152.0,3.205,3.205,2.792,2.792,219.0,0.0,0.0,0.0,0.0,2.8010001182556152,463131889872437255.fit,,,,,,,29.0
2024-09-03 17:13:05,2024-09-03 17:47:39,running,2074.7,2074.7,5068.63,13.0,28.0,423,2686.0,83.0,78.0,930.0,165,96.0,145.0,3.425,3.425,2.443,2.443,190.0,0.0,0.0,0.0,0.0,2.450000047683716,463154765136691209.fit,,,,,,,23.0
2024-09-05 17:22:29,2024-09-05 18:25:02,running,3752.36,3752.36,11603.4,34.0,43.0,959,4991.0,85.0,79.0,1160.0,195,94.0,162.0,4.167,4.167,3.092,3.092,242.0,0.0,0.0,0.0,0.0,3.115000009536743,463201682015158277.fit,,,,,,,24.0
2024-09-12 10:21:36,2024-09-12 11:44:45,running,4989.55,4989.54,15349.83,14.0,17.0,1296,6622.0,83.0,79.0,1160.0,185,81.0,164.0,3.759,3.759,3.076,3.076,241.0,0.0,0.0,0.0,0.0,3.0859999656677246,463357596575760385.fit,,,,,,,18.0
2024-09-16 09:18:37,2024-09-16 10:20:43,running,3725.8,3725.8,10008.51,34.0,32.0,876,5027.0,85.0,80.0,1000.0,168,90.0,155.0,2.941,2.941,2.686,2.686,211.0,0.0,0.0,0.0,0.0,2.7100000381469727,463449012270301187.fit,,,,,,,26.0
2024-09-17 08:57:14,2024-09-17 10:20:46,running,5012.59,5012.59,15601.07,44.0,43.0,1442,6796.0,97.0,81.0,1150.0,198,111.0,176.0,4.739,4.739,3.112,3.112,248.0,0.0,0.0,0.0,0.0,3.134000062942505,463472249924517892.fit,,,,,,,24.0
2024-09-18 13:31:27,2024-09-18 14:12:29,cycling,2462.04,2462.04,9808.07,42.0,41.0,369,,,,,166,64.0,135.0,6.758,6.758,3.983,3.983,0.0,,,,,,463499158966272001.fit,0.0,0.0,0.0,0.0,0.0,road,27.0
2024-09-20 08:50:20,2024-09-20 09:37:35,running,2834.34,2834.33,7984.5,21.0,19.0,697,3915.0,85.0,82.0,1020.0,176,94.0,159.0,3.165,3.165,2.817,2.817,221.0,0.0,0.0,0.0,0.0,2.8320000171661377,463541086168580100.fit,,,,,,,26.0
2024-09-23 08:46:48,2024-09-23 09:26:53,running,2405.44,2405.43,6700.97,15.0,16.0,607,3351.0,86.0,83.0,1000.0,180,92.0,163.0,3.145,3.145,2.786,2.786,218.0,0.0,0.0,0.0,0.0,2.8010001182556152,463610484250148864.fit,,,,,,,24.0
2024-09-24 09:11:24,2024-09-24 10:47:22,running,5757.76,5757.75,17514.02,47.0,47.0,1612,7971.0,106.0,82.0,1100.0,189,103.0,173.0,4.032,4.032,3.042,3.042,239.0,0.0,0.0,0.0,0.0,3.058000087738037,463635039651921920.fit,,,,,,,26.0
2024-10-01 15:38:56,2024-10-01 16:16:50,running,2273.86,2273.85,6653.68,24.0,24.0,576,3203.0,87.0,84.0,1040.0,185,97.0,161.0,3.546,3.546,2.926,2.926,229.0,0.0,0.0,0.0,0.0,2.9489998817443848,463802627935731726.fit,,,,,,,24.0
2024-10-03 10:40:12,2024-10-03 11:10:19,running,1806.87,1806.87,5303.22,4.0,8.0,496,2519.0,88.0,84.0,1040.0,193,91.0,170.0,3.717,3.717,2.935,2.935,228.0,0.0,0.0,0.0,0.0,2.9489998817443848,463844077320830977.fit,,,,,,,26.0
2024-10-10 13:49:20,2024-10-10 14:33:04,running,2623.93,2623.92,7152.6,19.0,30.0,591,3649.0,87.0,83.0,980.0,161,115.0,150.0,3.021,3.021,2.726,2.726,212.0,0.0,0.0,0.0,0.0,2.7320001125335693,464009766423789571.fit,,,,,,,25.0
2024-10-12 11:01:00,2024-10-12 11:35:03,training,2042.08,2042.08,0.0,,,293,,,,,145,78.0,115.0,,,,,,,,,,,464055263010258947.fit,,,,,,strength_training,27.0
2024-10-13 09:51:22,2024-10-13 10:48:38,running,3436.4,3436.4,9808.37,22.0,22.0,870,4795.0,88.0,83.0,1030.0,175,83.0,163.0,3.155,3.155,2.854,2.854,223.0,0.0,0.0,0.0,0.0,2.865000009536743,464075745440858114.fit,,,,,,,27.0
2024-10-18 08:43:28,2024-10-18 09:19:18,running,2150.18,2150.17,6707.93,5.0,7.0,609,3082.0,91.0,85.0,1100.0,199,82.0,176.0,4.202,4.202,3.12,3.12,244.0,0.0,0.0,0.0,0.0,3.125,464190181891670019.fit,,,,,,,23.0
2024-10-19 09:15:36,2024-10-19 10:35:55,cycling,4819.03,4819.03,26436.91,361.0,369.0,772,,,,,187,57.0,141.0,14.744,14.744,5.486,5.486,0.0,,,,,,464214617034358785.fit,0.0,0.0,0.0,0.0,0.0,road,22.0
2024-10-20 09:40:23,2024-10-20 10:43:45,running,3801.73,3801.73,10703.59,39.0,42.0,954,5386.0,91.0,84.0,1000.0,183,93.0,163.0,3.155,3.155,2.815,2.815,224.0,0.0,0.0,0.0,0.0,2.8399999141693115,464237926897713158.fit,,,,,,,25.0
2024-10-22 12:21:30,2024-10-22 12:57:58,running,2188.29,2188.29,6458.17,8.0,7.0,491,3064.0,87.0,83.0,1060.0,167,84.0,152.0,3.226,3.226,2.951,2.951,233.0,0.0,0.0,0.0,0.0,2.9670000076293945,464286475595317250.fit,,,,,,,25.0
2024-10-23 08:12:29,2024-10-23 08:56:49,running,2659.7,2659.6,7829.99,9.0,9.0,660,3786.0,92.0,85.0,1030.0,193,90.0,162.0,4.274,4.274,2.944,2.944,230.0,0.0,0.0,0.0,0.0,2.9489998817443848,464305783891329026.fit,,,,,,,22.0
2024-11-03 10:03:06,2024-11-03 10:41:51,running,2325.46,2325.46,7004.73,8.0,6.0,623,3234.0,86.0,82.0,1090.0,179,101.0,167.0,3.226,3.226,3.012,3.012,238.0,0.0,0.0,0.0,0.0,3.0209999084472656,464562597969035271.fit,,,,,,,22.0
2024-11-04 13:03:06,2024-11-04 13:45:44,running,2557.11,2557.1,8007.37,9.0,7.0,687,3514.0,85.0,82.0,1140.0,184,98.0,167.0,3.472,3.472,3.131,3.131,246.0,0.0,0.0,0.0,0.0,3.1440000534057617,464589301122891780.fit,,,,,,,24.0
2024-11-06 09:35:20,2024-11-06 10:15:08,running,2387.86,2387.86,7547.32,4.0,7.0,665,3291.0,85.0,81.0,1160.0,195,92.0,170.0,3.968,3.968,3.161,3.161,250.0,0.0,0.0,0.0,0.0,3.1640000343322754,464631804924559363.fit,,,,,,,21.0
2024-11-12 09:40:45,2024-11-12 10:15:13,running,2068.25,2068.25,6261.85,6.0,6.0,592,2880.0,86.0,82.0,1100.0,183,95.0,173.0,3.226,3.226,3.028,3.028,238.0,0.0,0.0,0.0,0.0,3.0390000343322754,464770902274375687.fit,,,,,,,18.0
2024-11-20 12:29:04,2024-11-20 13:03:12,running,2047.95,2047.95,6180.21,7.0,9.0,520,2861.0,87.0,82.0,1090.0,172,104.0,159.0,3.484,3.484,3.018,3.018,238.0,0.0,0.0,0.0,0.0,3.0299999713897705,464959152031039492.fit,,,,,,,20.0
2024-11-23 10:22:11,2024-11-23 11:30:28,cycling,4096.34,4096.33,20907.61,314.0,316.0,722,,,,,186,92.0,150.0,12.142,12.142,5.103,5.103,0.0,,,,,,465027248200646662.fit,0.0,0.0,0.0,0.0,0.0,road,19.0
2024-11-24 10:38:54,2024-11-24 11:23:28,running,2673.72,2673.71,6719.84,206.0,205.0,567,3486.0,101.0,78.0,960.0,197,115.0,170.0,3.584,3.584,2.513,2.513,218.0,0.0,0.0,0.0,0.0,2.872999906539917,465050314859380748.fit,,,,,,trail,24.0
2024-11-26 09:36:59,2024-11-26 10:37:01,running,3601.67,3601.67,10679.36,7.0,7.0,979,4929.0,86.0,81.0,1090.0,181,103.0,167.0,3.413,3.413,2.965,2.965,233.0,0.0,0.0,0.0,0.0,2.9670000076293945,465095952913432579.fit,,,,,,,20.0
2024-11-27 14:06:40,2024-11-27 14:45:20,running,2319.89,2319.88,7246.05,18.0,30.0,609,3249.0,86.0,82.0,1130.0,181,106.0,163.0,3.571,3.571,3.123,3.123,245.0,0.0,0.0,0.0,0.0,3.125,465123143546077188.fit,,,,,,,22.0
2024-12-05 13:14:13,2024-12-05 13:39:44,cycling,1531.58,1531.58,0.0,0.0,0.0,162,,,,,135,82.0,111.0,0.0,0.0,0.0,0.0,0.0,,,,,,465307629315457031.fit,0.0,0.0,0.0,0.0,0.0,indoor_cycling,28.0
2024-12-14 10:57:50,2024-12-14 11:47:59,cycling,3008.85,3008.84,0.0,0.0,0.0,445,,,,,171,94.0,135.0,0.0,0.0,0.0,0.0,0.0,,,,,,465514564866310146.fit,0.0,0.0,0.0,0.0,0.0,indoor_cycling,29.0
2025-01-06 09:32:41,2025-01-06 10:07:43,running,2102.36,2102.35,5407.39,42.0,44.0,539,2773.0,81.0,78.0,980.0,183,94.0,161.0,2.985,2.985,2.572,2.572,206.0,0.0,0.0,0.0,0.0,2.63100004196167,466046385165205510.fit,,,,,,,24.0
2025-01-07 13:12:21,2025-01-07 13:43:04,cycling,1842.87,1842.87,0.0,0.0,0.0,236,,,,,163,66.0,124.0,0.0,0.0,0.0,0.0,0.0,,,,,,466073045906259979.fit,0.0,0.0,0.0,0.0,0.0,indoor_cycling,31.0
2025-01-07 13:45:09,2025-01-07 13:50:39,training,330.33,330.32,0.0,,,34,,,,,122,86.0,105.0,,,,,,,,,,,466073167505424388.fit,,,,,,strength_training,31.0
2025-01-11 10:25:03,2025-01-11 11:15:09,cycling,3005.98,3005.98,0.0,0.0,0.0,370,,,,,167,78.0,121.0,0.0,0.0,0.0,0.0,0.0,,,,,,466163778698903559.fit,0.0,0.0,0.0,0.0,0.0,indoor_cycling,30.0
2025-01-12 11:15:40,2025-01-12 11:51:42,running,2161.76,2161.75,6126.74,32.0,24.0,636,2896.0,124.0,80.0,1060.0,191,93.0,176.0,3.175,3.175,2.834,2.834,227.0,0.0,0.0,0.0,0.0,2.88100004196167,466187216872308752.fit,,,,,,,18.0
2025-01-14 09:20:41,2025-01-14 09:55:21,running,2079.67,2079.66,5795.45,33.0,33.0,562,2782.0,83.0,80.0,1040.0,184,111.0,166.0,3.04,3.04,2.787,2.787,223.0,0.0,0.0,0.0,0.0,2.8320000171661377,466233759019073543.fit,,,,,,,17.0
2025-01-16 09:53:57,2025-01-16 10:27:05,running,1988.33,1988.33,5566.64,22.0,21.0,552,2635.0,82.0,79.0,1050.0,184,97.0,168.0,3.226,3.226,2.8,2.8,221.0,0.0,0.0,0.0,0.0,2.8320000171661377,466278706657132548.fit,,,,,,,17.0
2025-01-18 09:56:24,2025-01-18 10:58:17,cycling,3713.4,3713.4,0.0,0.0,0.0,356,,,,,123,67.0,106.0,0.0,0.0,0.0,0.0,0.0,,,,,,466325514016030729.fit,0.0,0.0,0.0,0.0,0.0,indoor_cycling,30.0
2025-01-20 10:03:58,2025-01-20 11:04:18,cycling,3619.93,3619.92,0.0,0.0,0.0,365,,,,,146,66.0,108.0,0.0,0.0,0.0,0.0,0.0,,,,,,466372205679247365.fit,0.0,0.0,0.0,0.0,0.0,indoor_cycling,30.0
2025-01-22 09:58:00,2025-01-22 10:30:36,running,1956.53,1956.52,5600.15,21.0,20.0,537,2707.0,84.0,80.0,1070.0,185,94.0,168.0,3.021,3.021,2.862,2.862,226.0,0.0,0.0,0.0,0.0,2.890000104904175,466418230546694151.fit,,,,,,,21.0
2025-01-23 10:14:52,2025-01-23 11:20:26,cycling,3934.53,3934.52,0.0,0.0,0.0,391,,,,,125,77.0,108.0,0.0,0.0,0.0,0.0,0.0,,,,,,466442394571669508.fit,0.0,0.0,0.0,0.0,0.0,indoor_cycling,32.0
2025-01-25 10:28:02,2025-01-25 11:25:07,running,3424.22,3424.21,9352.13,14.0,9.0,932,4687.0,85.0,80.0,1020.0,178,90.0,167.0,2.924,2.924,2.731,2.731,216.0,0.0,0.0,0.0,0.0,2.746999979019165,466488297303080964.fit,,,,,,,24.0
2025-01-26 10:31:38,2025-01-26 11:12:07,running,2428.32,2428.31,7332.15,6.0,17.0,675,3327.0,84.0,81.0,1110.0,188,114.0,169.0,3.636,3.636,3.019,3.019,237.0,0.0,0.0,0.0,0.0,3.01200008392334,466511279670984707.fit,,,,,,,20.0
2025-01-27 10:14:18,2025-01-27 11:20:37,cycling,3978.72,3978.72,0.0,0.0,0.0,403,,,,,150,77.0,109.0,0.0,0.0,0.0,0.0,0.0,,,,,,466534663622524935.fit,0.0,0.0,0.0,0.0,0.0,indoor_cycling,31.0
2025-01-28 09:37:34,2025-01-28 10:12:39,running,2104.3,2104.3,6164.81,27.0,19.0,590,2873.0,86.0,81.0,1080.0,182,96.0,164.0,3.3,3.3,2.93,2.93,232.0,0.0,0.0,0.0,0.0,2.9670000076293945,466556709421219853.fit,,,,,,,21.0
2025-01-29 09:31:13,2025-01-29 10:31:16,cycling,3602.84,3602.83,0.0,0.0,0.0,293,,,,,124,69.0,98.0,0.0,0.0,0.0,0.0,0.0,,,,,,466580686613020672.fit,0.0,0.0,0.0,0.0,0.0,indoor_cycling,31.0
2025-02-01 10:28:43,2025-02-01 11:38:32,running,4188.53,4188.53,12085.93,149.0,160.0,1075,5656.0,83.0,80.0,1080.0,178,140.0,161.0,3.367,3.367,2.885,2.885,232.0,0.0,0.0,0.0,0.0,2.984999895095825,466650865036460039.fit,,,,,,,17.0
2025-02-02 10:37:07,2025-02-02 11:37:15,cycling,3608.04,3608.04,0.0,0.0,0.0,333,,,,,136,69.0,104.0,0.0,0.0,0.0,0.0,0.0,,,,,,466674079601033231.fit,0.0,0.0,0.0,0.0,0.0,indoor_cycling,30.0
2025-02-02 11:42:54,2025-02-02 11:49:35,training,401.06,401.05,0.0,,,37,,,,,93,69.0,81.0,,,,,,,,,,,466674231535501315.fit,,,,,,strength_training,31.0
2025-02-24 09:34:53,2025-02-24 10:07:04,running,1931.63,1931.63,5267.81,7.0,7.0,534,2556.0,82.0,79.0,1030.0,180,106.0,169.0,3.268,3.268,2.727,2.727,215.0,0.0,0.0,0.0,0.0,2.746999979019165,467182867066159111.fit,,,,,,,20.0
2025-02-28 10:11:52,2025-02-28 10:42:07,running,1814.9,1814.9,5144.19,5.0,5.0,473,2431.0,82.0,79.0,1070.0,169,101.0,162.0,3.3,3.3,2.834,2.834,224.0,0.0,0.0,0.0,0.0,2.8489999771118164,467276219522514945.fit,,,,,,,19.0
2025-04-20 09:43:37,2025-04-20 10:17:17,running,2020.18,2020.17,5386.83,26.0,25.0,529,2662.0,81.0,78.0,1020.0,177,104.0,163.0,2.941,2.941,2.667,2.667,212.0,0.0,0.0,0.0,0.0,2.7170000076293945,468458593685897220.fit,,,,,,,26.0
2025-04-26 16:25:43,2025-04-26 17:11:20,running,2736.82,2736.82,7456.05,13.0,10.0,660,3598.0,91.0,79.0,1030.0,170,87.0,156.0,4.587,4.587,2.724,2.724,213.0,0.0,0.0,0.0,0.0,2.739000082015991,468605327217033220.fit,,,,,,,24.0
2025-04-28 16:40:20,2025-04-28 16:55:24,cycling,903.9,903.9,4166.99,9.0,5.0,108,,,,,147,91.0,120.0,7.35,7.35,4.611,4.611,0.0,,,,,,468651982104592389.fit,0.0,0.0,0.0,0.0,0.0,road,27.0
2025-04-28 17:11:06,2025-04-28 17:38:56,running,1670.15,1670.15,4425.41,10.0,12.0,376,2125.0,83.0,78.0,1020.0,162,95.0,149.0,3.058,3.058,2.65,2.65,206.0,0.0,0.0,0.0,0.0,2.6589999198913574,468651982104592405.fit,,,,,,,28.0
2025-04-29 16:39:54,2025-04-29 17:41:23,running,3689.04,3689.03,10509.71,137.0,146.0,952,4892.0,83.0,79.0,1080.0,181,123.0,163.0,3.509,3.509,2.849,2.849,230.0,0.0,0.0,0.0,0.0,2.9579999446868896,468674485046771728.fit,,,,,,,28.0
2025-05-01 17:46:09,2025-05-01 18:20:30,running,2060.52,2060.51,6004.58,7.0,8.0,504,2779.0,83.0,80.0,1090.0,181,100.0,157.0,3.436,3.436,2.914,2.914,228.0,0.0,0.0,0.0,0.0,2.931999921798706,468721867125981190.fit,,,,,,,27.0
2025-05-03 17:31:45,2025-05-03 18:06:08,running,2062.51,2062.5,5942.49,22.0,22.0,497,2697.0,81.0,78.0,1110.0,175,119.0,156.0,3.236,3.236,2.881,2.881,226.0,0.0,0.0,0.0,0.0,2.9149999618530273,468767664095920129.fit,,,,,,,23.0
2025-05-07 17:15:18,2025-05-07 17:57:35,running,2537.63,2537.62,6497.71,11.0,9.0,541,3230.0,86.0,76.0,1000.0,181,90.0,144.0,3.953,3.953,2.56,2.56,201.0,0.0,0.0,0.0,0.0,2.569999933242798,468861115068088329.fit,,,,,,,19.0
2025-05-10 16:50:11,2025-05-10 17:25:19,running,2108.28,2108.28,6224.89,7.0,7.0,509,2830.0,85.0,80.0,1110.0,171,94.0,155.0,3.3,3.3,2.952,2.952,233.0,0.0,0.0,0.0,0.0,2.9670000076293945,468930473687547908.fit,,,,,,,26.0
2025-05-11 09:49:20,2025-05-11 10:53:52,running,3872.87,3872.87,10999.75,140.0,146.0,973,5222.0,84.0,80.0,1070.0,179,97.0,160.0,3.268,3.268,2.84,2.84,228.0,0.0,0.0,0.0,0.0,2.9489998817443848,468946235143782402.fit,,,,,,,26.0
2025-05-19 16:36:55,2025-05-19 17:19:44,running,2569.2,2569.19,6804.86,28.0,16.0,544,3346.0,82.0,77.0,1030.0,156,92.0,143.0,2.899,2.899,2.649,2.649,210.0,0.0,0.0,0.0,0.0,2.687999963760376,469138048383221773.fit,,,,,,,22.0
2025-05-24 10:04:53,2025-05-24 11:08:12,running,3798.97,3798.96,11002.74,139.0,150.0,934,5017.0,83.0,79.0,1090.0,177,87.0,158.0,3.509,3.509,2.896,2.896,233.0,0.0,0.0,0.0,0.0,3.0390000343322754,469247980220743700.fit,,,,,,,25.0
2025-05-28 16:34:35,2025-05-28 17:47:03,running,4348.2,4348.19,12316.51,46.0,47.0,1046,5732.0,81.0,78.0,1080.0,173,78.0,155.0,3.356,3.356,2.833,2.833,224.0,0.0,0.0,0.0,0.0,2.8570001125335693,469347166584864787.fit,,,,,,,26.0
2025-06-03 16:44:02,2025-06-03 17:26:33,running,2550.99,2550.98,7058.23,24.0,19.0,572,3405.0,82.0,79.0,1040.0,162,97.0,149.0,3.021,3.021,2.767,2.767,219.0,0.0,0.0,0.0,0.0,2.8010001182556152,469486054550831122.fit,,,,,,,26.0
2025-06-10 17:09:19,2025-06-10 17:46:23,running,2224.7,2224.7,6315.32,5.0,6.0,503,2925.0,82.0,78.0,1080.0,164,80.0,150.0,3.289,3.289,2.839,2.839,225.0,0.0,0.0,0.0,0.0,2.8489999771118164,469648833006043145.fit,,,,,,,29.0
2025-06-20 19:54:51,2025-06-20 20:53:48,running,3536.65,3536.64,10380.15,9.0,13.0,825,4633.0,83.0,78.0,1130.0,180,88.0,153.0,4.608,4.608,2.935,2.935,230.0,0.0,0.0,0.0,0.0,2.940999984741211,469883609071779841.fit,,,,,,,30.0
2025-06-22 09:04:39,2025-06-22 10:05:11,running,3631.69,3631.68,10010.49,40.0,25.0,913,4771.0,83.0,79.0,1050.0,181,95.0,160.0,3.448,3.448,2.756,2.756,219.0,0.0,0.0,0.0,0.0,2.8010001182556152,469919548552806426.fit,,,,,,,34.0
2025-06-24 18:10:06,2025-06-24 19:00:47,running,3041.85,3041.84,8255.32,21.0,12.0,640,3939.0,85.0,77.0,1050.0,166,82.0,143.0,3.195,3.195,2.714,2.714,215.0,0.0,0.0,0.0,0.0,2.739000082015991,469976702221582336.fit,,,,,,,30.0
2025-07-17 17:37:58,2025-07-17 18:23:14,running,2716.26,2716.25,7516.98,2.0,2.0,678,3545.0,81.0,78.0,1060.0,175,94.0,159.0,3.021,3.021,2.767,2.767,217.0,0.0,0.0,0.0,0.0,2.7699999809265137,470507390528160345.fit,,,,,,,31.0
2025-07-19 16:50:49,2025-07-19 17:59:58,running,4149.04,4149.03,11467.62,23.0,31.0,1006,5407.0,84.0,78.0,1060.0,174,88.0,156.0,3.344,3.344,2.764,2.764,218.0,0.0,0.0,0.0,0.0,2.7699999809265137,470553401978028135.fit,,,,,,,28.0
2025-07-20 10:39:56,2025-07-20 10:57:58,cycling,1081.96,1081.96,6587.49,15.0,14.0,156,,,,,159,93.0,135.0,9.997,9.997,6.089,6.089,0.0,,,,,,470569805529776228.fit,0.0,0.0,0.0,0.0,0.0,road,32.0
2025-07-20 11:42:41,2025-07-20 12:01:47,cycling,1146.29,1146.28,6514.05,25.0,24.0,175,,,,,164,118.0,140.0,12.761,12.761,5.683,5.683,0.0,,,,,,470570825586606084.fit,0.0,0.0,0.0,0.0,0.0,road,35.0
2025-08-06 16:35:09,2025-08-06 17:30:52,running,3343.5,3343.5,8923.41,92.0,88.0,801,4252.0,84.0,77.0,1040.0,190,104.0,155.0,4.098,4.098,2.669,2.669,218.0,0.0,0.0,0.0,0.0,2.872999906539917,470970406524715611.fit,,,,,,,30.0
2025-08-10 10:44:06,2025-08-10 12:05:31,running,4885.8,4885.8,13245.03,18.0,86.0,1191,6467.0,88.0,79.0,1020.0,171,92.0,157.0,4.444,4.444,2.711,2.711,211.0,0.0,0.0,0.0,0.0,2.687999963760376,471057939300385271.fit,,,,,,,34.0
2025-08-15 08:23:17,2025-08-15 09:42:09,running,4732.71,4732.7,12978.95,95.0,92.0,1168,6188.0,114.0,78.0,1050.0,186,93.0,158.0,4.31,4.31,2.742,2.742,222.0,0.0,0.0,0.0,0.0,2.8570001125335693,471171590575390824.fit,,,,,,,32.0
2025-09-06 07:13:58,2025-09-06 09:47:20,running,9202.21,9202.2,25009.72,57.0,57.0,2064,12477.0,86.0,81.0,1010.0,167,86.0,152.0,3.497,3.497,2.718,2.718,209.0,0.0,0.0,0.0,0.0,2.7320001125335693,471681922353889590.fit,,,,,,,26.0
2025-09-09 10:05:56,2025-09-09 10:56:41,running,3045.09,3045.09,8602.48,49.0,48.0,622,4240.0,86.0,82.0,1030.0,167,97.0,144.0,3.425,3.425,2.825,2.825,219.0,0.0,0.0,0.0,0.0,2.865000009536743,471752612683743439.fit,,,,,,,27.0
2025-09-10 10:08:58,2025-09-10 10:55:24,running,2786.24,2786.23,8300.04,11.0,83.0,576,3855.0,88.0,82.0,1080.0,168,93.0,145.0,4.274,4.274,2.979,2.979,221.0,0.0,0.0,0.0,0.0,2.890000104904175,471775784026013800.fit,,,,,,,28.0
2025-09-14 10:19:45,2025-09-14 11:28:33,running,4127.93,4127.92,12005.33,24.0,93.0,902,5659.0,86.0,81.0,1070.0,166,84.0,150.0,3.367,3.367,2.908,2.908,220.0,0.0,0.0,0.0,0.0,2.8570001125335693,471869091922083841.fit,,,,,,,26.0
2025-09-23 10:10:10,2025-09-23 11:31:29,running,4878.47,4878.47,15503.8,75.0,74.0,1158,6714.0,88.0,82.0,1160.0,185,100.0,157.0,4.673,4.673,3.178,3.178,247.0,0.0,0.0,0.0,0.0,3.2149999141693115,472077878610132993.fit,,,,,,,20.0
2025-09-25 06:08:41,2025-09-25 07:05:03,running,3381.94,3381.93,10126.16,8.0,91.0,738,4633.0,88.0,82.0,1100.0,182,92.0,149.0,4.695,4.695,2.994,2.994,223.0,0.0,0.0,0.0,0.0,2.9230000972747803,472119965793681608.fit,,,,,,,21.0
2025-09-25 07:07:33,2025-09-25 07:09:21,running,108.31,108.31,482.81,0.0,0.0,32,155.0,96.0,87.0,1540.0,189,107.0,160.0,5.525,5.525,4.458,4.458,351.0,0.0,0.0,0.0,0.0,4.464000225067139,472120204170657995.fit,,,,,,,21.0
2025-09-26 05:56:31,2025-09-26 06:33:50,running,2239.37,2239.36,6115.63,39.0,45.0,443,3035.0,85.0,81.0,1010.0,161,89.0,141.0,3.215,3.215,2.731,2.731,211.0,0.0,0.0,0.0,0.0,2.76200008392334,472142655837470922.fit,,,,,,,20.0
2025-09-28 06:12:14,2025-09-28 08:06:35,running,6860.93,6860.93,21379.39,38.0,118.0,1577,9485.0,90.0,82.0,1140.0,180,91.0,153.0,4.167,4.167,3.116,3.116,238.0,0.0,0.0,0.0,0.0,3.1050000190734863,472190548480917707.fit,,,,,,,17.0
2025-09-30 05:51:52,2025-09-30 06:46:53,running,3301.48,3301.48,9767.89,13.0,90.0,706,4486.0,84.0,81.0,1090.0,164,87.0,148.0,3.623,3.623,2.959,2.959,221.0,0.0,0.0,0.0,0.0,2.890000104904175,472235636242284646.fit,,,,,,,19.0
2025-10-02 04:45:24,2025-10-02 05:17:51,running,1947.45,1947.44,5169.99,27.0,34.0,354,2672.0,85.0,81.0,980.0,147,82.0,134.0,2.899,2.899,2.655,2.655,205.0,0.0,0.0,0.0,0.0,2.680000066757202,472280587906875395.fit,,,,,,,19.0
2025-10-05 06:32:17,2025-10-05 10:15:41,running,13404.05,13404.05,42312.47,108.0,116.0,3460,18594.0,91.0,82.0,1150.0,184,92.0,166.0,4.425,4.425,3.157,3.157,243.0,0.0,0.0,0.0,0.0,3.1740000247955322,472356252077293668.fit,,,,,,,19.0
2025-10-13 10:11:25,2025-10-13 10:43:11,running,1905.54,1905.54,5284.25,31.0,33.0,373,2580.0,86.0,80.0,1030.0,159,91.0,140.0,3.3,3.3,2.773,2.773,214.0,0.0,0.0,0.0,0.0,2.815999984741211,472540949629665380.fit,,,,,,,24.0
2025-10-15 10:10:55,2025-10-15 10:43:13,running,1938.06,1938.0,5638.08,32.0,33.0,429,2640.0,86.0,81.0,1080.0,182,99.0,151.0,4.31,4.31,2.909,2.909,226.0,0.0,0.0,0.0,0.0,2.9579999446868896,472587337155510274.fit,,,,,,,22.0
2025-10-18 17:16:22,2025-10-18 18:02:19,running,2756.87,2756.86,8977.05,232.0,235.0,618,3737.0,105.0,81.0,1210.0,202,85.0,185.0,5.319,5.319,3.256,3.256,271.0,0.0,0.0,0.0,0.0,3.635999917984009,472665667164733541.fit,,,,,,trail,20.0
2025-10-19 16:00:41,2025-10-19 16:29:17,running,1715.9,1715.89,3619.42,28.0,25.0,277,2258.0,87.0,79.0,800.0,152,87.0,126.0,3.584,3.584,2.109,2.109,164.0,0.0,0.0,0.0,0.0,2.1549999713897705,472685681443897551.fit,,,,,,,26.0
2025-10-22 06:50:07,2025-10-22 07:11:14,cycling,1267.01,1267.0,2367.63,79.0,9.0,191,,,,,182,100.0,142.0,5.025,5.025,1.869,1.869,0.0,,,,,,472746334166745190.fit,0.0,0.0,0.0,0.0,0.0,road,24.0
2025-10-23 10:09:18,2025-10-23 10:52:04,running,2565.4,2565.4,8155.87,41.0,47.0,682,3585.0,90.0,82.0,1160.0,196,112.0,168.0,4.878,4.878,3.179,3.179,250.0,0.0,0.0,0.0,0.0,3.2249999046325684,472773024697843715.fit,,,,,,,23.0
2025-10-26 08:01:49,2025-10-26 08:50:07,running,2898.1,2898.1,9007.91,2.0,8.0,722,4082.0,89.0,84.0,1110.0,190,93.0,162.0,3.831,3.831,3.108,3.108,238.0,0.0,0.0,0.0,0.0,3.1050000190734863,472840640636420399.fit,,,,,,,18.0
2025-11-08 14:38:01,2025-11-08 15:17:05,running,2343.98,2343.97,9408.27,26.0,30.0,778,3316.0,93.0,84.0,1420.0,199,80.0,186.0,5.236,5.236,4.014,4.014,311.0,0.0,0.0,0.0,0.0,4.065000057220459,473149518846656520.fit,,,,,,,20.0
2025-11-23 09:23:19,2025-11-23 09:35:57,cycling,757.83,757.83,4006.91,89.0,9.0,90,,,,,163,91.0,124.0,7.261,7.261,5.286,5.286,0.0,,,,,,473490877478633574.fit,0.0,0.0,0.0,0.0,0.0,road,13.0
2025-11-26 10:48:35,2025-11-26 11:22:59,running,2063.73,2063.72,6048.54,40.0,47.0,508,2831.0,86.0,81.0,1080.0,177,95.0,157.0,3.559,3.559,2.931,2.931,228.0,0.0,0.0,0.0,0.0,2.984999895095825,473562076768403756.fit,,,,,,,22.0
2025-11-26 15:55:42,2025-11-26 16:40:09,cycling,2666.53,2666.53,14303.25,129.0,97.0,334,,,,,161,88.0,128.0,9.2,9.2,5.364,5.364,0.0,,,,,,473567182947647988.fit,0.0,0.0,0.0,0.0,0.0,road,20.0
2025-11-27 10:54:07,2025-11-27 11:22:16,running,1689.6,1689.6,5011.46,34.0,40.0,416,2326.0,88.0,82.0,1090.0,181,94.0,158.0,3.472,3.472,2.966,2.966,230.0,0.0,0.0,0.0,0.0,3.0209999084472656,473585256700608813.fit,,,,,,,22.0
2025-11-27 15:41:26,2025-11-27 16:27:38,cycling,2771.55,2771.55,14381.0,125.0,90.0,319,,,,,155,,122.0,9.539,9.539,5.189,5.189,0.0,,,,,,473590182222790759.fit,0.0,0.0,0.0,0.0,0.0,road,18.0
2025-11-29 06:41:02,2025-11-29 06:56:39,cycling,936.75,936.75,4676.68,8.0,90.0,67,,,,,128,69.0,97.0,10.333,10.333,4.992,4.992,0.0,,,,,,473627365908447233.fit,0.0,0.0,0.0,0.0,0.0,road,20.0
